Workbook

Sheet START_HERE
A1: AT-MMC Supporting Records: Template and Consistency Checks
A3: PURPOSE | B3: This workbook organizes source-record templates and checks for the AT-MMC manuscript.
A6: Included sheets
A7: Mix_Design | B7: Mixture proportions copied from the manuscript; C0 binder fraction remains unresolved.
A8: Reported_Physical | B8: Reported mixture-level summary values; not specimen-level observations.
A9: Reported_Mechanical | B9: Reported mixture-level summary values; not specimen-level observations.
A10: Reported_Durability | B10: Reported durability percentages; metric definition and protocol require verification.
A11: Reported_Thermal | B11: Reported thermal values plus formula-based diffusivity check.
A12: Specimen_Raw_Data | B12: Blank raw data template for each individual specimen and batch.
A13: Lab_Record_Log | B13: Blank traceability form for original lab records and instrument files.
A14: Durability_Raw_Data | B14: Blank durability raw data sheet.
A15: Stats_Descriptive | B15: Descriptive calculations from seven reported mix-level summary points only; no inferential ANOVA.
A16: LCA_Inventory | B16: Blank process inventory structure and manuscript's reported summary values.
A17: References_Audit | B17: Reference list copied from manuscript with verification status prompts.
A18: Issues_Checklist | B18: High-priority inconsistencies and records needed before publication.

Sheet Mix_Design
A1: Manuscript-reported mixture proportions
A2: Mix ID | B2: Binder system | C2: Lime (%) | D2: Metakaolin (%) | E2: Granite waste (%) | F2: Sand (%) | G2: Basalt fibre (%) | H2: w/b ratio
A3: C0 | B3: OPC control | E3: 0 | F3: 100 | G3: 0 | H3: 0.4
A4: AT1 | B4: Lime-MK | C4: 20 | D4: 10 | E4: 20 | F4: 50 | G4: 0 | H4: 0.42
A5: AT2 | B5: Lime-MK | C5: 20 | D5: 10 | E5: 20 | F5: 49.5 | G5: 0.5 | H5: 0.42
A6: AT3 | B6: Lime-MK | C6: 20 | D6: 10 | E6: 20 | F6: 49 | G6: 1 | H6: 0.42
A7: AT4 | B7: Lime-MK | C7: 20 | D7: 10 | E7: 20 | F7: 48.5 | G7: 1.5 | H7: 0.42
A8: AT5 | B8: Lime-MK | C8: 25 | D8: 15 | E8: 25 | F8: 34 | G8: 1 | H8: 0.4
A9: AT6 | B9: Lime-MK | C9: 25 | D9: 15 | E9: 25 | F9: 33.5 | G9: 1.5 | H9: 0.4
A11: Audit note | B11: For C0, the manuscript labels the mix OPC control but lists sand=100% and does not state OPC mass/fraction.

Sheet Reported_Physical
A1: Reported physical-property summaries
A2: Mix ID | B2: Density (kg/m³) | C2: Water absorption (%) | D2: Apparent porosity (%) | E2: Sorptivity (mm/min^0.5)
A3: C0 | B3: 2340 | C3: 6.42 | D3: 14.31 | E3: 0.092
A4: AT1 | B4: 2215 | C4: 5.12 | D4: 11.26 | E4: 0.063
A5: AT2 | B5: 2228 | C5: 4.78 | D5: 10.41 | E5: 0.052
A6: AT3 | B6: 2230 | C6: 4.31 | D6: 9.36 | E6: 0.045
A7: AT4 | B7: 2245 | C7: 4.12 | D7: 8.97 | E7: 0.041
A8: AT5 | B8: 2260 | C8: 3.95 | D8: 8.45 | E8: 0.037
A9: AT6 | B9: 2272 | C9: 3.61 | D9: 7.82 | E9: 0.031

Sheet Reported_Mechanical
A1: Reported mechanical-property summaries
A2: Mix ID | B2: Compressive strength (MPa) | C2: Flexural strength (MPa) | D2: Splitting tensile strength (MPa) | E2: Fracture toughness (MPa·m^0.5)
A3: C0 | B3: 38.6 | C3: 6.12 | D3: 3.21 | E3: 1.12
A4: AT1 | B4: 41.8 | C4: 6.85 | D4: 3.62 | E4: 1.45
A5: AT2 | B5: 45.7 | C5: 7.32 | D5: 3.91 | E5: 1.86
A6: AT3 | B6: 48.9 | C6: 7.96 | D6: 4.28 | E6: 2.08
A7: AT4 | B7: 50.1 | C7: 8.21 | D7: 4.42 | E7: 2.21
A8: AT5 | B8: 52.6 | C8: 8.76 | D8: 4.71 | E8: 2.29
A9: AT6 | B9: 55.4 | C9: 9.28 | D9: 4.95 | E9: 2.35

Sheet Reported_Durability
A1: Reported durability summary percentages
A2: Mix ID | B2: Water immersion (56 d) (%) | C2: Wet-dry (100 cycles) (%) | D2: Sulfate 5% (56 d) (%) | E2: Acid 5% H₂SO₄ (28 d) (%) | F2: Freeze-thaw (50 cycles) (%)
A3: C0 | B3: 92.1 | C3: 75.3 | D3: 70.2 | E3: 62.4 | F3: 78.6
A4: AT1 | B4: 94.6 | C4: 81.7 | D4: 76.5 | E4: 69.3 | F4: 83.2
A5: AT2 | B5: 95.8 | C5: 86.3 | D5: 81.4 | E5: 72.2 | F5: 86.1
A6: AT3 | B6: 96.5 | C6: 88.9 | D6: 84.7 | E6: 75.1 | F6: 88.7
A7: AT4 | B7: 97.1 | C7: 91.2 | D7: 86.2 | E7: 77.6 | F7: 90.3
A8: AT5 | B8: 96.8 | C8: 92.4 | D8: 88.6 | E8: 79.6 | F8: 91.1
A9: AT6 | B9: 97.6 | C9: 93.8 | D9: 90.3 | E9: 81.5 | F9: 92.4

Sheet Reported_Thermal
A1: Thermal values and consistency check
A2: Diffusivity formula: α = k/(ρ·cp). With k in W/(m·K), ρ in kg/m³ and cp in J/(kg·K), α is m²/s; multiply by 10⁶ for mm²/s.
A3: Mix ID | B3: k reported (W/m·K) | C3: α reported (mm²/s) | D3: cp reported (J/kg·K) | E3: CTE reported (10⁻⁶/°C) | F3: ρ reported (kg/m³) | G3: α calc using reported ρ (mm²/s) | H3: Difference: reported−calc (mm²/s) | I3: Verification flag
A4: C0 | B4: 1.62 | C4: 0.78 | D4: 920 | E4: 9.6 | F4: 2340 | G4: =B4/(F4*D4)*1000000 -> 0.75250836 | H4: =C4-G4 -> 0.027491639 | I4: =IF(ABS(H4)<0.03,"Approx. consistent","CHECK source units/values") -> Approx. consistent
A5: AT1 | B5: 1.32 | C5: 0.64 | D5: 980 | E5: 8.8 | F5: 2215 | G5: =B5/(F5*D5)*1000000 -> 0.60809877 | H5: =C5-G5 -> 0.03190123 | I5: =IF(ABS(H5)<0.03,"Approx. consistent","CHECK source units/values") -> CHECK source units/values
A6: AT2 | B6: 1.18 | C6: 0.56 | D6: 1005 | E6: 8.1 | F6: 2228 | G6: =B6/(F6*D6)*1000000 -> 0.52698804 | H6: =C6-G6 -> 0.03301196 | I6: =IF(ABS(H6)<0.03,"Approx. consistent","CHECK source units/values") -> CHECK source units/values
A7: AT3 | B7: 1.09 | C7: 0.52 | D7: 1018 | E7: 7.6 | F7: 2230 | G7: =B7/(F7*D7)*1000000 -> 0.4801466 | H7: =C7-G7 -> 0.039853401 | I7: =IF(ABS(H7)<0.03,"Approx. consistent","CHECK source units/values") -> CHECK source units/values
A8: AT4 | B8: 1.05 | C8: 0.49 | D8: 1025 | E8: 7.4 | F8: 2245 | G8: =B8/(F8*D8)*1000000 -> 0.45629855 | H8: =C8-G8 -> 0.03370145 | I8: =IF(ABS(H8)<0.03,"Approx. consistent","CHECK source units/values") -> CHECK source units/values
A9: AT5 | B9: 0.98 | C9: 0.46 | D9: 1032 | E9: 7.2 | F9: 2260 | G9: =B9/(F9*D9)*1000000 -> 0.42018248 | H9: =C9-G9 -> 0.039817521 | I9: =IF(ABS(H9)<0.03,"Approx. consistent","CHECK source units/values") -> CHECK source units/values
A10: AT6 | B10: 0.93 | C10: 0.43 | D10: 1038 | E10: 7 | F10: 2272 | G10: =B10/(F10*D10)*1000000 -> 0.39434584 | H10: =C10-G10 -> 0.035654156 | I10: =IF(ABS(H10)<0.03,"Approx. consistent","CHECK source units/values") -> CHECK source units/values

Sheet Specimen_Raw_Data
A1: Specimen-level raw data template
A2: Enter one row per individual specimen. Do not copy mixture means into this sheet. Keep failed/invalid tests and document exclusion reasons.
A3: Date | B3: Batch ID | C3: Mix ID | D3: Specimen ID | E3: Test | F3: Specimen geometry | G3: Curing age (d) | H3: Conditioning/moisture | I3: Raw measurement | J3: Unit | K3: Calculated result | L3: Result unit | M3: Instrument ID | N3: Operator | O3: Standard/protocol actually used | P3: Raw file path/name | Q3: Valid? (Y/N) | R3: Exclusion reason/notes

Sheet Lab_Record_Log
A1: Original laboratory record register
A2: Use this to point to actual notebook pages, instrument exports, photographs and calibration certificates.
A3: Record ID | B3: Date/time | C3: Mix ID | D3: Batch ID | E3: Test/procedure | F3: Instrument make/model | G3: Instrument serial/calibration ID | H3: Operator | I3: Notebook/page or electronic file | J3: Raw filename/path | K3: Calibration checked? | L3: Environmental conditions | M3: Sample conditioning | N3: Deviation/incident | O3: File checksum/version | P3: Reviewed by/date

Sheet Durability_Raw_Data
A1: Durability raw data template
A2: Record baseline and post-exposure raw measurements. Specify exact protocol and actual concentration basis.
A3: Mix ID | B3: Batch ID | C3: Specimen ID | D3: Exposure type | E3: Replicate no. | F3: Baseline mass (g) | G3: Post-exposure mass (g) | H3: Baseline strength (MPa) | I3: Post-exposure strength (MPa) | J3: Retention (%) formula | K3: Exposure duration/cycles | L3: Solution concentration basis | M3: Solution pH start/end | N3: Temperature (°C) | O3: Solution renewal schedule | P3: Standard/protocol used | Q3: Visual damage notes | R3: Raw file/reference
J4: =IF(OR(H4="",I4="",H4=0),"",I4/H4*100)
J5: =IF(OR(H5="",I5="",H5=0),"",I5/H5*100)
J6: =IF(OR(H6="",I6="",H6=0),"",I6/H6*100)
J7: =IF(OR(H7="",I7="",H7=0),"",I7/H7*100)
J8: =IF(OR(H8="",I8="",H8=0),"",I8/H8*100)
J9: =IF(OR(H9="",I9="",H9=0),"",I9/H9*100)
J10: =IF(OR(H10="",I10="",H10=0),"",I10/H10*100)
J11: =IF(OR(H11="",I11="",H11=0),"",I11/H11*100)
J12: =IF(OR(H12="",I12="",H12=0),"",I12/H12*100)
J13: =IF(OR(H13="",I13="",H13=0),"",I13/H13*100)
J14: =IF(OR(H14="",I14="",H14=0),"",I14/H14*100)
J15: =IF(OR(H15="",I15="",H15=0),"",I15/H15*100)
... J38: =IF(OR(H38="",I38="",H38=0),"",I38/H38*100)

Sheet Stats_Descriptive
A1: Descriptive statistics from reported mix-level summaries
A2: n=7 mixture-level summary points. These calculations are exploratory only; they are not replicate-level inference, ANOVA, causal effects or model validation.
A3: Property X | B3: Property Y | C3: Pearson r (7 mix summaries) | D3: Interpretation limit
A4: Compressive strength | B4: Splitting tensile strength | C4: =CORREL(Reported_Mechanical!B3:B9,Reported_Mechanical!D3:D9) -> 0.99815365 | D4: Strong positive association among reported mixture summaries; no causation.
A5: Water absorption | B5: Apparent porosity | C5: =CORREL(Reported_Physical!C3:C9,Reported_Physical!D3:D9) -> 0.99967721 | D5: Association may reflect shared calculations/definitions; verify independence.
A6: Apparent porosity | B6: Thermal conductivity | C6: =CORREL(Reported_Physical!D3:D9,Reported_Thermal!B4:B10) -> 0.99799702 | D6: Positive association is unusual under simple pore-volume expectations; check values/moisture/composition.
A7: Fracture toughness | B7: Sorptivity | C7: =CORREL(Reported_Mechanical!E3:E9,Reported_Physical!E3:E9) -> -0.97501931 | D7: Descriptive association only; does not prove fibre bridging or pore refinement.
A8: Density | B8: Compressive strength | C8: =CORREL(Reported_Physical!B3:B9,Reported_Mechanical!B3:B9) -> -0.25462064 | D8: Weak association in reported summaries; no mechanistic inference.

Sheet LCA_Inventory
A1: LCA inventory template and manuscript-reported totals
A2: Mix/system | B2: Process/material | C2: Quantity per functional unit | D2: Unit | E2: Emission factor | F2: EF unit | G2: Calculated GWP (kg CO₂-eq) | H2: Source/database/version | I2: Transport distance (km) | J2: Electricity mix/source | K2: Allocation/cut-off rule | L2: Notes
G3: =IF(OR(C3="",E3=""),"",C3*E3)
G4: =IF(OR(C4="",E4=""),"",C4*E4)
G5: =IF(OR(C5="",E5=""),"",C5*E5)
G6: =IF(OR(C6="",E6=""),"",C6*E6)
G7: =IF(OR(C7="",E7=""),"",C7*E7)
G8: =IF(OR(C8="",E8=""),"",C8*E8)
G9: =IF(OR(C9="",E9=""),"",C9*E9)
G10: =IF(OR(C10="",E10=""),"",C10*E10)
G11: =IF(OR(C11="",E11=""),"",C11*E11)
G12: =IF(OR(C12="",E12=""),"",C12*E12)
G13: =IF(OR(C13="",E13=""),"",C13*E13)
G14: =IF(OR(C14="",E14=""),"",C14*E14)
... G27: =IF(OR(C27="",E27=""),"",C27*E27)
A31: Manuscript-reported summary (not independently verified)
A32: System | B32: GWP (kg CO₂-eq/kg as reported) | C32: Embodied energy (MJ) | D32: Primary energy (MJ) | E32: Waste utilization (%)
A33: OPC mortar (C0) | B33: 0.462 | C33: 3.21 | D33: 4.09 | E33: 12
A34: Lime-MK matrix (AT3) | B34: 0.298 | C34: 2.18 | D34: 2.76 | E34: 48
A35: AT-MMC (AT6) | B35: 0.249 | C35: 1.72 | D35: 2.21 | E35: 62
